,Position,Name,Ranking,Team,defense_tkl,defense_tkl_loss,defense_tkl_loss_yds,defense_pass_def,defense_ast,defense_tkl_primary,penalty_yds,penalty,defense_sk_yds,defense_sk,defense_qbhit,receiving_yds,receiving_rec,receiving_tar,receiving_yac_yds,receiving_tds,puntret_fair,rushing_yds,rushing_att,fumbles_tot,fumbles_forced,fumbles_lost,receiving_twopta,receiving_twoptm,fumbles_oob,rushing_tds,rushing_twopta,rushing_twoptm,puntret_yds,puntret_tot,fumbles_notforced,kickret_yds,kickret_ret,passing_att,passing_incmp,passing_incmp_air_yds,receiving_twoptmissed,fumbles_rec_yds,fumbles_rec,passing_yds,passing_cmp,passing_tds,passing_cmp_air_yds,passing_sk_yds,passing_sk,defense_ffum,defense_frec_yds,defense_frec,defense_int_yds,defense_int,fumbles_rec_tds,rushing_twoptmissed,puntret_tds,kicking_fgm_yds,kicking_fga,kicking_fgm,kicking_xpa,kicking_xpmade,kicking_fgmissed_yds,kicking_fgmissed,kicking_xpmissed,kicking_yds,kicking_tot,kicking_all_yds,kicking_touchback,kicking_i20,kicking_fgb,kicking_xpb,kicking_rec,passing_int,passing_twopta,passing_twoptm,passing_twoptmissed,punting_yds,punting_tot,defense_tds,defense_int_tds,defense_misc_yds,kickret_fair,defense_puntblk
0,FLEX,Aaron Jones,24,GB,21.0,5.0,9.0,2.0,8.0,4.0,15.0,1.0,0.0,1.0,2.0,,,,,,,,,,,,,,,,,,,,,,,,,,,,,,,,,,,,,,,,,,,,,,,,,,,,,,,,,,,,,,,,,,,,,
1,FLEX,Adam Thielen,7,MIN,,,,,,,5.0,1.0,,,,1373.0,113.0,153.0,416.0,9.0,1.0,30.0,5.0,1.0,1.0,1.0,1.0,1.0,,,,,,,,,,,,,,,,,,,,,,,,,,,,,,,,,,,,,,,,,,,,,,,,,,,,,,,,
2,FLEX,Alshon Jeffery,26,PHI,,,,,,,20.0,3.0,,,,843.0,65.0,92.0,272.0,6.0,,,,1.0,1.0,,,,1.0,,,,,,,,,,,,,,,,,,,,,,,,,,,,,,,,,,,,,,,,,,,,,,,,,,,,,,,
3,FLEX,Alvin Kamara,4,NO,,,,,,,18.0,2.0,,,,709.0,81.0,105.0,642.0,4.0,9.0,883.0,194.0,1.0,,,,,1.0,14.0,3.0,3.0,82.0,12.0,1.0,126.0,4.0,,,,,,,,,,,,,,,,,,,,,,,,,,,,,,,,,,,,,,,,,,,,,,,
4,FLEX,Amari Cooper,19,DAL,1.0,,,,,,,,,,,1005.0,75.0,107.0,415.0,7.0,,20.0,2.0,2.0,2.0,2.0,,,,,,,,,,,,,,,,,,,,,,,,,,,,,,,,,,,,,,,,,,,,,,,,,,,,,,,,,,
5,FLEX,Antonio Brown,5,OAK,3.0,,,,,,20.0,3.0,,,,1297.0,104.0,168.0,485.0,15.0,,,,,,,,,,,,,,,,,,1.0,1.0,12.0,,,,,,,,,,,,,,,,,,,,,,,,,,,,,,,,,,,,,,,,,,,,
6,FLEX,Brandin Cooks,13,LAR,1.0,,,,,,15.0,2.0,,,,1204.0,80.0,117.0,346.0,5.0,,68.0,10.0,1.0,1.0,,,,,1.0,,,,,,,,,,,,,,,,,,,,,,,,,,,,,,,,,,,,,,,,,,,,,,,,,,,,,,
7,FLEX,Chris Carson,15,SEA,1.0,,,,,,,,,,,163.0,20.0,24.0,163.0,,,1151.0,247.0,3.0,3.0,2.0,,,1.0,9.0,,,,,,,,,,,,,,,,,,,,,,,,,,,,,,,,,,,,,,,,,,,,,,,,,,,,,,
8,FLEX,Christian McCaffrey,2,CAR,2.0,,,,,,,,,,,867.0,107.0,124.0,855.0,6.0,,1098.0,219.0,4.0,4.0,1.0,1.0,,1.0,7.0,,,,,,,,1.0,,,1.0,0.0,1.0,50.0,1.0,1.0,13.0,,,,,,,,,,,,,,,,,,,,,,,,,,,,,,,,,,,,,
9,FLEX,Cooper Kupp,51,LAR,,,,,,,,,,,,566.0,40.0,55.0,303.0,6.0,3.0,25.0,4.0,,,,,,,,,,4.0,1.0,,,,,,,,,,,,,,,,,,,,,,,,,,,,,,,,,,,,,,,,,,,,,,,,,,
10,FLEX,Dalvin Cook,30,MIN,1.0,,,,,1.0,,,,,,305.0,40.0,49.0,373.0,2.0,,615.0,133.0,2.0,2.0,2.0,,,,2.0,,,,,,,,,,,,,,,,,,,,,,,,,,,,,,,,,,,,,,,,,,,,,,,,,,,,,,
11,FLEX,Davante Adams,3,GB,1.0,,,,,,19.0,2.0,,,,1386.0,111.0,169.0,475.0,13.0,,,,,,,1.0,1.0,,,,,,,,,,,,,,,,,,,,,,,,,,,,,,,,,,,,,,,,,,,,,,,,,,,,,,,,
12,FLEX,David Johnson,9,ARI,3.0,,,,,1.0,,,,,,429.0,47.0,62.0,374.0,3.0,,201.0,40.0,1.0,1.0,,,,,,2.0,2.0,,,,,,,,,,,,,,,,,,,,,,,,,,,,,,,,,,,,,,,,,,,,,,,,,,,,
13,FLEX,DeAndre Hopkins,2,HOU,2.0,,,1.0,,,10.0,1.0,,,,1572.0,115.0,163.0,387.0,11.0,,-7.0,1.0,2.0,2.0,2.0,,,,,,,,,,,,1.0,1.0,17.0,,,,,,,,,,,,,,,,,,,,,,,,,,,,,,,,,,,,,,,,,,,,
14,FLEX,Derrick Henry,16,TEN,2.0,,,,1.0,,5.0,1.0,,,,91.0,14.0,17.0,104.0,,,975.0,194.0,1.0,1.0,1.0,,,,11.0,,,,,,,,2.0,,,,,,14.0,2.0,,-7.0,,,,,,,,,,,,,,,,,,,,,,,,,,,,,,,,,,,,,
15,FLEX,Devonta Freeman,105,ATL,,,,,,,,,,,,23.0,5.0,7.0,20.0,,,68.0,14.0,,,,,,,,,,,,,,,,,,,,,,,,,,,,,,,,,,,,,,,,,,,,,,,,,,,,,,,,,,,,,
16,FLEX,Evan Engram,13,NYG,,,,,,,14.0,2.0,,,,577.0,45.0,64.0,388.0,3.0,,36.0,3.0,,,,1.0,1.0,,,,,,,,,,,,,,,,,,,,,,,,,,,,,,,,,,,,,,,,,,,,,,,,,,,,,,,,
17,FLEX,Ezekiel Elliott,5,DAL,2.0,,,,,,25.0,3.0,,,,567.0,77.0,95.0,576.0,3.0,,1434.0,304.0,6.0,6.0,1.0,,,1.0,6.0,,,,,,,,,,,,0.0,1.0,,,,,,,,,,,,,,,,,,,,,,,,,,,,,,,,,,,,,,,,,
18,FLEX,George Kittle,3,SF,2.0,,,,,,35.0,6.0,,,,1377.0,88.0,136.0,870.0,5.0,,10.0,1.0,,,,2.0,1.0,,,,,,,,,,,,,1.0,,,,,,,,,,,,,,,,,,,,,,,,,,,,,,,,,,,,,,,,,,,
20,FLEX,James Conner,6,PIT,3.0,,,,,,15.0,1.0,,,,497.0,55.0,71.0,548.0,1.0,,973.0,215.0,4.0,4.0,2.0,2.0,2.0,1.0,12.0,,,,,,,,,,,,,,,,,,,,,,,,,,,,,,,,,,,,,,,,,,,,,,,,,,,,,,
21,FLEX,Jared Cook,5,NO,2.0,,,,,,30.0,4.0,,,,896.0,68.0,101.0,343.0,6.0,,,,,,,,,,,,,,,,,,,,,,,,,,,,,,,,,,,,,,,,,,,,,,,,,,,,,,,,,,,,,,,,
22,FLEX,Joe Mixon,10,CIN,1.0,,,,,,,,,,,296.0,43.0,55.0,333.0,1.0,,1168.0,237.0,,,,,,,8.0,,,,,,,,,,,,,,,,,,,,,,,,,,,,,,,,,,,,,,,,,,,,,,,,,,,,,,
24,FLEX,JuJu Smith-Schuster,8,PIT,3.0,,,,,,15.0,2.0,,,,1426.0,111.0,166.0,648.0,7.0,,13.0,1.0,1.0,1.0,1.0,1.0,1.0,,,,,,,,,,,,,,0.0,1.0,,,,,,,,,,,,,,,,,,,,,,,,,,,,,,,,,,,,,,,,,
25,FLEX,Julian Edelman,20,NE,2.0,,,,1.0,,36.0,6.0,,,,850.0,74.0,108.0,348.0,6.0,11.0,107.0,9.0,1.0,,,,,,,,,154.0,20.0,1.0,,,2.0,,,,0.0,1.0,43.0,2.0,,-2.0,,,,,,,,,,,,,,,,,,,,,,,,,,,,,,,,,,,,,
26,FLEX,Julio Jones,4,ATL,4.0,,,,,,15.0,1.0,,,,1677.0,113.0,170.0,448.0,8.0,,12.0,2.0,2.0,2.0,2.0,,,,,,,,,,,,,,,,,,,,,,,,,,,,,,,,,,,,,,,,,,,,,,,,,,,,,,,,,,
27,FLEX,Keenan Allen,12,LAC,3.0,,,,,,35.0,3.0,,,,1138.0,92.0,128.0,395.0,6.0,1.0,75.0,9.0,3.0,1.0,1.0,,,,,,,0.0,1.0,2.0,25.0,1.0,,,,,-19.0,1.0,,,,,-7.0,1.0,,,,,,,,,,,,,,,,,,,,,,,,,,,,,,,,,,,
28,FLEX,Kenny Golladay,21,DET,2.0,,,,,,26.0,3.0,,,,1063.0,70.0,119.0,350.0,5.0,,8.0,1.0,1.0,1.0,,3.0,,,,,,,,,,,,,,3.0,0.0,1.0,,,,,,,1.0,0.0,1.0,,,,,,,,,,,,,,,,,,,,,,,,,,,,,,,,
29,FLEX,Kerryon Johnson,34,DET,1.0,,,,3.0,,5.0,1.0,,,,,,,,,,,,,,,,,,,,,,,,,,,,,,,,,,,,,,,,,,,,,,,,,,,,,,,,,,,,,,,,,,,,,,,,
31,FLEX,Leonard Fournette,40,JAX,,,,,,,,,,,,185.0,22.0,26.0,213.0,1.0,,439.0,133.0,,,,,,,5.0,,,,,,,,,,,,,,,,,,,,,,,,,,,,,,,,,,,,,,,,,,,,,,,,,,,,,,
32,FLEX,Mark Ingram II,32,BAL,26.0,8.0,41.0,3.0,14.0,1.0,62.0,10.0,-61.0,7.0,16.0,,,,,,,0.0,1.0,,,,,,,,,,,,,,,,,,,,,,,,,,,1.0,,,8.0,1.0,,,,,,,,,,,,,,,,,,,,,,,,,,,,,,
33,FLEX,Marlon Mack,21,IND,2.0,,,,,,,,,,,103.0,17.0,26.0,126.0,1.0,,908.0,195.0,2.0,2.0,2.0,,,,9.0,2.0,2.0,,,,,,,,,,,,,,,,,,,,,,,,,,,,,,,,,,,,,,,,,,,,,,,,,,,,
34,FLEX,Melvin Gordon,8,LAC,,,,,,,,,,,,477.0,47.0,63.0,520.0,4.0,,844.0,163.0,1.0,1.0,,1.0,1.0,1.0,9.0,1.0,1.0,,,,,,,,,,,,,,,,,,,,,,,,,,,,,,,,,,,,,,,,,,,,,,,,,,,,
35,FLEX,Michael Thomas,6,NO,1.0,,,,,,40.0,3.0,,,,1405.0,125.0,147.0,514.0,9.0,,,,2.0,2.0,2.0,1.0,,,,,,,,,,,,,,1.0,0.0,1.0,,,,,,,,,,,,,,,,,,,,,,,,,,,,,,,,,,,,,,,,,
36,FLEX,Mike Evans,9,TB,3.0,,,,,,35.0,4.0,,,,1524.0,86.0,138.0,282.0,8.0,,,,2.0,1.0,1.0,1.0,,1.0,,,,,,1.0,,,,,,1.0,-3.0,2.0,,,,,,,,,,,,1.0,,,,,,,,,,,,,,,,,,,,,,,,,,,,,
37,FLEX,Nick Chubb,17,CLE,3.0,,,,3.0,,5.0,1.0,,,,149.0,20.0,29.0,181.0,2.0,,996.0,192.0,,,,,,,8.0,,,,,,,,,,,,,,,,,,,,,,,,,,,,,,,,,,,,,,,,,,,,,,,,,,,,,,
38,FLEX,O.J. Howard,14,TB,2.0,,,,,,10.0,1.0,,,,565.0,34.0,48.0,209.0,5.0,,,,,,,,,,,,,,,,,,,,,,,,,,,,,,,,,,,,,,,,,,,,,,,,,,,,,,,,,,,,,,,,
39,FLEX,Odell Beckham Jr.,15,CLE,2.0,,,,,,13.0,2.0,,,,1052.0,77.0,124.0,305.0,6.0,2.0,19.0,5.0,2.0,,1.0,1.0,,,,,,34.0,8.0,2.0,26.0,1.0,2.0,,,1.0,0.0,1.0,106.0,2.0,2.0,68.0,,,,,,,,,,,,,,,,,,,,,,,,,,,,,,,,,,,,,
40,FLEX,Robert Woods,11,LAR,2.0,,,,,,45.0,5.0,,,,1219.0,86.0,130.0,420.0,6.0,1.0,157.0,19.0,,,,,,,1.0,,,,,,0.0,1.0,,,,,,,,,,,,,,,,,,,,,,,,,,,,,,,,,,,,,,,,,,,,,,,
41,FLEX,Saquon Barkley,1,NYG,1.0,,,,,,5.0,1.0,,,,721.0,91.0,121.0,768.0,4.0,,1307.0,261.0,,,,,,,11.0,2.0,1.0,,,,,,,,,,,,,,,,,,,,,,,,1.0,,,,,,,,,,,,,,,,,,,,,,,,,,,,
42,FLEX,Sony Michel,35,NE,2.0,,,,,,5.0,1.0,,,,50.0,7.0,11.0,50.0,,,931.0,209.0,1.0,1.0,1.0,,,,6.0,,,,,,77.0,4.0,,,,,,,,,,,,,,,,,,,,,,,,,,,,,,,,,,,,,,,,,,,,,,,
43,FLEX,Stefon Diggs,10,MIN,1.0,,,,,,35.0,5.0,,,,1021.0,102.0,149.0,448.0,9.0,,62.0,10.0,,,,1.0,1.0,,,,,,,,,,,,,,0.0,1.0,,,,,,,,,,,,,,,,,,,,,,,,,,,,,,,,,,,,,,,,,
44,FLEX,T.Y. Hilton,14,IND,2.0,,,,,,10.0,1.0,,,,1270.0,76.0,120.0,455.0,6.0,,,,,,,,,,,,,2.0,1.0,,,,,,,,,,,,,,,,,,,,,,,,,,,,,,,,,,,,,,,,,,,,,,,,,,
45,FLEX,Todd Gurley II,3,LAR,1.0,,,,,,5.0,1.0,,,,580.0,59.0,81.0,587.0,4.0,,1251.0,256.0,1.0,1.0,1.0,1.0,1.0,,17.0,4.0,2.0,,,,,,,,,,,,,,,,,,,,,,,,2.0,,,,,,,,,,,,,,,,,,,,,,,,,,,,
46,FLEX,Travis Kelce,1,KC,2.0,,,,,,39.0,6.0,,,,1336.0,103.0,150.0,569.0,10.0,,,,2.0,2.0,1.0,1.0,,1.0,,,,,,,,,,,,1.0,,,,,,,,,,,,,,,,,,,,,,,,,,,,,,,,,,,,,,,,,,,
47,FLEX,Tyler Lockett,16,SEA,,,,,1.0,,,,,,,965.0,57.0,70.0,213.0,10.0,20.0,69.0,13.0,2.0,2.0,,1.0,1.0,1.0,,,,143.0,25.0,,493.0,19.0,,,,,,,,,,,,,,,,,,,,,,,,,,,,,,,,,,,,,,,,,,,,,,,
48,FLEX,Tyreek Hill,1,KC,1.0,,,,,,55.0,5.0,,,,1479.0,87.0,137.0,527.0,12.0,3.0,151.0,22.0,,,,,,,1.0,,,213.0,20.0,,,,,,,,0.0,2.0,,,,,,,,,,,,,,1.0,,,,,,,,,,,,,,,,,,,,,,,,,,,
49,FLEX,Zach Ertz,2,PHI,,,,,,,29.0,4.0,,,,1163.0,116.0,156.0,353.0,8.0,,,,1.0,1.0,,,,,,,,,,,,,,,,,,,,,,,,,,,,,,,,,,,,,,,,,,,,,,,,,,,,,,,,,,,
50,K,Adam Vinatieri,14,IND,,,,,,,,,,,,,,,,,,,,,,,,,,,,,,,,,,,,,,,,,,,,,,,,,,,,,,825.0,27.0,23.0,47.0,44.0,193.0,4.0,3.0,,,,,,,,,,,,,,,,,,,
51,K,Aldrick Rosas,6,NYG,,,,,,,,,,,,,,,,,,,,,,,,,,,,,,,,,,,,,,,,,,,,,,,,,,,,,,1142.0,33.0,32.0,29.0,28.0,52.0,1.0,1.0,5186.0,85.0,3642.0,51.0,4.0,,,,,,,,,,,,,,
54,K,Brandon McManus,21,DEN,1.0,,,,,,,,,,,,,,,,,,,,,,,,,,,,,,,,,,,,,,,,,,,,,,,,,,,,,751.0,25.0,20.0,33.0,33.0,276.0,5.0,,4473.0,73.0,3099.0,42.0,10.0,,,,,,,,,,,,,,
55,K,Brett Maher,10,DAL,,,,,1.0,,,,,,,,,,,,,,,,,,,,,,,,,,,,,,,,,,,,,,,,,,,,,,,,,1093.0,36.0,29.0,32.0,31.0,306.0,7.0,1.0,4984.0,77.0,3780.0,52.0,3.0,1.0,,,,,,,,,,,,,
56,K,Cairo Santos,32,TB,,,,,,,,,,,,,,,,,,,,,,,,,,,,,,,,,,,,,,,,,,,,,,,,,,,,,,471.0,18.0,14.0,23.0,22.0,185.0,4.0,1.0,2977.0,49.0,1369.0,19.0,5.0,,,,,,,,,,,,,,
57,K,Chandler Catanzaro,28,NYJ,1.0,,,,,,,,,,,,,,,,,,,,,,,,,,,,,,,,,,,,,,,,,,,,,,,,,,,,,563.0,20.0,16.0,34.0,29.0,162.0,4.0,5.0,4118.0,65.0,3785.0,52.0,4.0,,,,,,,,,,,,,,
59,K,Chris Boswell,25,PIT,2.0,,,,,,,,,,,,,,,,,,,,,,,,,,,,,,,,,1.0,,,,,,2.0,1.0,1.0,2.0,,,,,,,,,,,493.0,20.0,13.0,45.0,40.0,297.0,7.0,5.0,5097.0,81.0,3636.0,50.0,6.0,1.0,,,,,,,,,,,,,
60,K,Cody Parkey,17,CHI,,,,,,,,,,,,,,,,,,,,,,,,,,,,,,,,,,,,,,,,,,,,,,,,,,,,,,817.0,30.0,23.0,40.0,37.0,289.0,7.0,3.0,5627.0,89.0,4727.0,65.0,5.0,,,,,,,,,,,,,,
62,K,Dan Bailey,24,MIN,1.0,,,,,,,,,,,,,,,,,,,,,,,,,,,,,,,,,,,,,,,,,,,,,,,,,,,,,758.0,28.0,21.0,29.0,28.0,314.0,7.0,1.0,4164.0,69.0,2477.0,35.0,4.0,1.0,,,,,,,,,,,,,
63,K,Daniel Carlson,26,OAK,1.0,,,,1.0,,15.0,1.0,,,,,,,,,,,,,,,,,,,,,,,,,,,,,,,,,,,,,,,,,,,,,,701.0,21.0,17.0,22.0,22.0,177.0,4.0,,3334.0,54.0,2093.0,29.0,2.0,,,,,,,,,,,,,,
64,K,Dustin Hopkins,15,WSH,2.0,,,1.0,,,10.0,1.0,,,,1572.0,115.0,163.0,387.0,11.0,,-7.0,1.0,2.0,2.0,2.0,,,,,,,,,,,,1.0,1.0,17.0,,,,,,,,,,,,,,,,,,,,,,,,,,,,,,,,,,,,,,,,,,,,
66,K,Giorgio Tavecchio,36,ATL,,,,,,,,,,,,,,,,,,,,,,,,,,,,,,,,,,,,,,,,,,,,,,,,,,,,,,213.0,5.0,5.0,8.0,8.0,,,,,,,,,,,,,,,,,,,,,,
67,K,Graham Gano,28,CAR,,,,,,,,,,,,,,,,,,,,,,,,,,,,,,,,,,,,,,,,,,,,,,,,,,,,,,565.0,16.0,14.0,32.0,29.0,86.0,2.0,3.0,3940.0,62.0,3459.0,47.0,2.0,,,,,,,,,,,,,,
68,K,Greg Joseph,28,CLE,1.0,,,,,,,,,,,,,,,,,,,,,,,,,,,,,,,,,,,,,,,,,,,,,,,,,,,,,621.0,20.0,17.0,29.0,25.0,142.0,3.0,4.0,4340.0,69.0,3442.0,47.0,3.0,,,,,,,,,,,,,,
69,K,Greg Zuerlein,12,LAR,1.0,,,,,,,,,,,,,,,,,,,,,,,,,,,,,,,,,,,,,,,,,,,,,,,,,,,,,953.0,31.0,27.0,33.0,32.0,194.0,4.0,1.0,4843.0,75.0,4180.0,57.0,2.0,,,,,,,,,,,,,,
70,K,Harrison Butker,5,KC,1.0,,,,1.0,,,,,,,,,,,,,,,,,,,,,,,,,,,,,,,,,,,,,,,,,,,,,,,,,832.0,27.0,24.0,65.0,61.0,147.0,3.0,4.0,7000.0,110.0,5213.0,72.0,9.0,,1.0,,,,,,,,,,,,
71,K,Jake Elliott,16,PHI,,,,,,,,,,,,,,,,,,,,,,,,,,,,,,,,,,,,,,,,,,,,,,,,,,,,,,926.0,31.0,26.0,35.0,33.0,240.0,5.0,2.0,5210.0,82.0,4142.0,57.0,6.0,,,,,,,,,,,,,,
72,K,Jason Myers,4,SEA,1.0,,,,,,,,,,,,,,,,,,,,,,,,,,,,,,,,,,,,,,,,,,,,,,,,,,,,,1334.0,36.0,33.0,29.0,26.0,125.0,3.0,3.0,5255.0,82.0,4288.0,60.0,3.0,,,,,,,,,,,,,,
73,K,Jason Sanders,23,MIA,,,,,,,,,,,,,,,,,,,,,,,,,,,,,,,,,,,,,,,,,,,,,,,,,,,,,,647.0,20.0,18.0,32.0,31.0,93.0,2.0,1.0,4395.0,70.0,3986.0,55.0,1.0,,,,,,,,,,,,,,
74,K,Josh Lambo,27,JAX,,,,,,,,,,,,,,,,,,,,,,,,,,,,,,,,,,,,,,,,,,,,,,,,,,,,,,741.0,21.0,19.0,19.0,18.0,94.0,2.0,1.0,3283.0,54.0,2594.0,36.0,4.0,,1.0,1.0,,,,,,,,,,,
75,K,Justin Tucker,2,BAL,,,,,,,,,,,,,,,,,,,,,,,,,,,,,,,,,,,,,,,,,,,,,,,,,,,,,,1173.0,34.0,32.0,33.0,32.0,91.0,2.0,1.0,5371.0,86.0,3974.0,54.0,4.0,2.0,,,,,,,,,,,,,
76,K,Ka'imi Fairbairn,1,HOU,1.0,,,,,,,,,,,,,,,,,,,,,,,,,,,,,,,,,,,,,,,,,,,,,,,,,,,,,1362.0,42.0,37.0,38.0,36.0,250.0,5.0,2.0,5885.0,92.0,4191.0,58.0,9.0,,,,,,,,,,,,,,
78,K,Kai Forbath,39,JAX,,,,,,,,,,,,,,,,,,,,,,,,,,,,,,,,,,,,,,,,,,,,,,,,,,,,,,125.0,5.0,4.0,1.0,1.0,56.0,1.0,,,,,,,,,,,,,,,,,,,,
79,K,Mason Crosby,7,GB,,,,,,,,,,,,,,1.0,,,,,,,,,,,,,,,,,,,,,,,,,,,,,,,,,,,,,,,,1205.0,37.0,30.0,35.0,33.0,325.0,7.0,2.0,5168.0,83.0,2984.0,41.0,8.0,,,,,,,,,,,,,,
80,K,Matt Bryant,19,ATL,,,,,,,,,,,,,,,,,,,,,,,,,,,,,,,,,,,,,,,,,,,,,,,,,,,,,,797.0,21.0,20.0,33.0,31.0,53.0,1.0,2.0,,,,,,,,,,,,,,,,,,,
82,K,Matt Prater,11,DET,,,,,,,,,,,,,,,,,,,,,,,,,,,,,,,,,,1.0,,,,,,8.0,1.0,1.0,8.0,,,,,,,,,,,1007.0,32.0,28.0,28.0,28.0,202.0,4.0,,343.0,6.0,220.0,3.0,1.0,,,,,,,,,,,,,,
83,K,Mike Badgley,31,LAC,1.0,,,,1.0,1.0,,,,,,,,,,,,,,,,,,,,,,,,,,,,,,,,,,,,,,,,,,,,,,,,517.0,15.0,14.0,26.0,25.0,52.0,1.0,1.0,3146.0,51.0,635.0,9.0,4.0,,,,,,,,,,,,,,
84,K,Mike Nugent,38,OAK,,,,,,,,,,,,,,,,,,,,,,,,,,,,,,,,,,,,,,,,,,,,,,,,,,,,,,221.0,6.0,6.0,5.0,4.0,,,1.0,858.0,14.0,442.0,6.0,1.0,,1.0,,,,,,,,,,,,
87,K,Phil Dawson,37,CLE,,,,,,,,,,,,,,,,,,,,,,,,,,,,,,,,,,,,,,,,,,,,,,,,,,,,,,153.0,8.0,5.0,13.0,13.0,141.0,3.0,,1982.0,32.0,996.0,14.0,3.0,,,,,,,,,,,,,,
88,K,Randy Bullock,20,CIN,,,,,,,,,,,,,,,,,,,,,,,,,,,,,,,,,,,,,,,,,,,,,,,,,,,,,,711.0,23.0,19.0,36.0,34.0,196.0,4.0,2.0,4969.0,79.0,3254.0,45.0,7.0,2.0,,,,,,,,,,,,,
89,K,Robbie Gould,7,SF,,,,,,,,,,,,,,,,,,,,,,,,,,,,,,,,,,,,,,,,,,,,,,,,,,,,,,1157.0,34.0,33.0,28.0,26.0,45.0,1.0,2.0,102.0,4.0,,,,,,,,,,,,,,,,,
91,K,Ryan Succop,18,TEN,,,,,,,,,,,,,,,,,,,,,,,,,,,,,,,,,,,,,,,,,,,,,,,,,,,,,,867.0,28.0,24.0,28.0,26.0,175.0,4.0,2.0,4220.0,66.0,3036.0,42.0,3.0,,1.0,,,,,,,,,,,,
92,K,Sam Ficken,40,GB,1.0,,,,,,,,,,,,,,,,,,,,,,,,,,,,,,,,,,,,,,,,,,,,,,,,,,,,,34.0,3.0,1.0,9.0,9.0,74.0,2.0,,804.0,13.0,791.0,11.0,,,,,,,,,,,,,,,
93,K,Sebastian Janikowski,13,SEA,,,,,,,,,,,,,,,,,,,,,,,,,,,,,,,,,,,,,,,,,,,,,,,,,,,,,,868.0,27.0,22.0,49.0,47.0,223.0,5.0,2.0,4648.0,74.0,3082.0,42.0,6.0,,,,,,,,,,,,,,
94,K,Stephen Gostkowski,9,NE,,,,,,,,,,,,,,,,,,,,,,,,,,,,,,,,,,,,,,,,,,,,,,,,,,,,,,911.0,32.0,27.0,47.0,46.0,246.0,5.0,1.0,5784.0,93.0,3599.0,50.0,5.0,,,,,,,,,,,,,,
95,K,Stephen Hauschka,22,BUF,,,,,,,,,,,,,,1.0,,,,,,,,,,,,,,,,,,,,,,,,,,,,,,,,,,,,,,,,844.0,28.0,22.0,26.0,25.0,295.0,6.0,1.0,3958.0,66.0,2147.0,30.0,9.0,1.0,,,,,,,,,,,,,
97,K,Wil Lutz,3,NO,3.0,,,,,,,,,,,,,,,,,,,,,,,,,,,,,,,,,,,,,,,,,,,,,,,,,,,,,1041.0,30.0,28.0,52.0,51.0,94.0,2.0,1.0,6503.0,101.0,4616.0,64.0,7.0,1.0,,,,,,,,,,,,,
99,K,Zane Gonzalez,33,ARI,,,,,,,,,,,,,,,,,,,,,,,,,,,,,,,,,,,,,,,,,,,,,,,,,,,,,,365.0,14.0,9.0,11.0,8.0,247.0,5.0,3.0,1802.0,28.0,1235.0,17.0,2.0,1.0,,,,,,,,,,,,,
100,QB,Aaron Rodgers,6,GB,,,,,,,51.0,4.0,,,,,,,,,,269.0,43.0,6.0,5.0,3.0,,,1.0,2.0,1.0,1.0,,,1.0,,,597.0,225.0,2929.0,,0.0,1.0,4442.0,372.0,25.0,2314.0,-353.0,49.0,,,,,,,,,,,,,,,,,,,,,,,,,2.0,3.0,2.0,1.0,,,,,,,
101,QB,Alex Smith,31,WSH,1.0,,,,,,22.0,2.0,,,,,,,,,,168.0,41.0,6.0,3.0,1.0,,,,1.0,,,,,3.0,,,328.0,123.0,1445.0,,-4.0,3.0,2180.0,205.0,10.0,1205.0,-121.0,22.0,,,,,,,,,,,,,,,,,,,,,,,,,5.0,1.0,,1.0,,,,,,,
102,QB,Andrew Luck,5,IND,1.0,,,,,,21.0,2.0,,,,4.0,1.0,2.0,0.0,,,148.0,46.0,6.0,3.0,1.0,,,1.0,,,,,,3.0,,,639.0,209.0,2150.0,,-13.0,3.0,4593.0,430.0,39.0,2621.0,-134.0,18.0,,,,,,,,,,,,,,,,,,,,,,,,,15.0,3.0,2.0,1.0,,,,,,,
103,QB,Andy Dalton,25,CIN,2.0,,,,,,,,,,,,,,,,,99.0,16.0,1.0,1.0,,,,,,,,,,,,,365.0,139.0,1523.0,,0.0,1.0,2566.0,226.0,21.0,1424.0,-157.0,21.0,,,,,,,,,,,,,,,,,,,,,,,,,11.0,1.0,,1.0,,,,,,,
104,QB,Baker Mayfield,16,CLE,,,,,,,,,,,,,,1.0,,,,131.0,39.0,7.0,5.0,3.0,1.0,1.0,1.0,,,,,,2.0,,,486.0,176.0,2486.0,,0.0,2.0,3725.0,310.0,27.0,2029.0,-173.0,25.0,,,,,,,,,,,,,,,,,,,,,,,,,14.0,7.0,1.0,6.0,,,,,,,
105,QB,Ben Roethlisberger,3,PIT,1.0,,,,,,10.0,1.0,,,,-1.0,1.0,1.0,-1.0,,,98.0,31.0,7.0,3.0,2.0,,,,3.0,,,,,4.0,,,675.0,223.0,2927.0,,0.0,4.0,5129.0,452.0,34.0,2327.0,-166.0,24.0,,,,,,,,,,,,,,,,,,,,,,,,,16.0,5.0,4.0,1.0,27.0,1.0,,,,,
106,QB,Blake Bortles,26,LAR,1.0,,,,,,,,,,,,,,,,,365.0,58.0,8.0,7.0,4.0,,,,1.0,,,,,1.0,,,403.0,160.0,1631.0,,-2.0,2.0,2718.0,243.0,13.0,1213.0,-173.0,31.0,,,,,,,,,,,,,,,,,,,,,,,,,11.0,2.0,,2.0,,,,,,,
107,QB,Cam Newton,13,CAR,,,,,,,50.0,5.0,,,,,,,,,,488.0,101.0,6.0,4.0,,,,1.0,4.0,,,,,2.0,,,471.0,151.0,1728.0,,0.0,1.0,3395.0,320.0,24.0,1652.0,-213.0,29.0,,,,,,,,,,,,,,,,,,,,,,,,,13.0,4.0,2.0,2.0,,,,,,,
108,QB,Carson Wentz,23,PHI,3.0,,,,,,10.0,1.0,,,,4.0,1.0,1.0,9.0,,,93.0,34.0,9.0,6.0,6.0,,,,,,,,,3.0,,,401.0,122.0,1443.0,,0.0,5.0,3074.0,279.0,21.0,1677.0,-202.0,31.0,,,,,,,,,,,,,,,,,,,,,,,,,7.0,1.0,1.0,,,,,,,,
109,QB,Case Keenum,19,WSH,,,,,,,15.0,1.0,,,,,,,,,,93.0,26.0,11.0,8.0,2.0,,,,2.0,1.0,,,,3.0,,,586.0,221.0,2270.0,,-13.0,5.0,3890.0,365.0,18.0,2089.0,-235.0,34.0,,,,,,,1.0,,,,,,,,,,,,,,,,,,15.0,2.0,,2.0,,,,,,,
110,QB,Dak Prescott,10,DAL,1.0,,,,,,15.0,1.0,,,,,,1.0,,,,305.0,75.0,12.0,9.0,6.0,,,1.0,6.0,1.0,1.0,,,3.0,,,526.0,170.0,1974.0,,0.0,7.0,3885.0,356.0,22.0,1993.0,-347.0,56.0,,,,,,,,,,,,,,,,,,,,,,,,,8.0,1.0,1.0,,,,,,,,
111,QB,Daniel Jones,0,NYG,34.0,1.0,4.0,6.0,19.0,2.0,10.0,2.0,-4.0,1.0,,,,,,,,,,,,,,,,,,,,,,,,,,,,,,,,,,,,1.0,,,61.0,2.0,,,,,,,,,,,,,,,,,,,,,,,,,,1.0,1.0,,,
112,QB,Derek Carr,18,OAK,,,,,,,5.0,1.0,,,,-9.0,1.0,1.0,-9.0,,,47.0,24.0,12.0,9.0,7.0,,,,1.0,,,,,3.0,,,553.0,172.0,1718.0,,-6.0,2.0,4049.0,381.0,19.0,2066.0,-299.0,51.0,,,,,,,,,,,,,,,,,,,,,,,,,10.0,1.0,1.0,,,,,,,,
113,QB,Deshaun Watson,4,HOU,1.0,,,,,,5.0,1.0,,,,,,,,,,551.0,99.0,9.0,6.0,3.0,,,1.0,5.0,,,,,3.0,,,505.0,160.0,1908.0,,-25.0,3.0,4165.0,345.0,26.0,2412.0,-384.0,62.0,,,,,,,,,,,,,,,,,,,,,,,,,9.0,1.0,,1.0,,,,,,,
114,QB,Drew Brees,8,NO,,,,,,,24.0,3.0,,,,1.0,1.0,1.0,3.0,,,22.0,31.0,5.0,2.0,1.0,,,,4.0,,,,,3.0,,,489.0,125.0,1337.0,,0.0,4.0,3992.0,364.0,32.0,2165.0,-121.0,17.0,,,,,,,,,,,,,,,,,,,,,,,,,5.0,2.0,1.0,1.0,,,,,,,
117,QB,Eli Manning,17,NYG,1.0,,,,,,,,,,,,,,,,,20.0,15.0,7.0,6.0,4.0,,,,1.0,,,,,1.0,,,576.0,196.0,2092.0,,0.0,2.0,4299.0,380.0,21.0,2147.0,-358.0,47.0,,,,,,,,,,,,,,,,,,,,,,,,,11.0,5.0,3.0,2.0,,,,,,,
118,QB,Jacoby Brissett,104,IND,,,,,,,,,,,,,,,,,,-7.0,7.0,,,,,,,,,,,,,,,4.0,2.0,81.0,,,,2.0,2.0,,1.0,,,,,,,,,,,,,,,,,,,,,,,,,,,,,,,,,,,,,
119,QB,Jameis Winston,22,TB,3.0,,,,,,10.0,1.0,,,,,,,,,,281.0,49.0,7.0,3.0,3.0,,,,1.0,,,,,4.0,,,378.0,134.0,1989.0,,-18.0,2.0,2992.0,244.0,19.0,2089.0,-157.0,27.0,,,,,,,,,,,,,,,,,,,,,,,,,14.0,3.0,,3.0,,,,,,,
120,QB,Jared Goff,7,LAR,,,,,,,12.0,1.0,,,,,,,,,,108.0,43.0,12.0,8.0,5.0,,,,2.0,,,,,4.0,,,561.0,197.0,2303.0,,-13.0,3.0,4688.0,364.0,32.0,2562.0,-223.0,33.0,,,,,,,,,,,,,,,,,,,,,,,,,12.0,3.0,3.0,,,,,,,,
123,QB,Jimmy Garoppolo,40,SF,,,,,,,,,,,,,,,,,,33.0,8.0,4.0,2.0,,,,,,,,,,2.0,,,89.0,36.0,442.0,,-3.0,1.0,718.0,53.0,5.0,350.0,-97.0,13.0,,,,,,,,,,,,,,,,,,,,,,,,,3.0,1.0,1.0,,,,,,,,
124,QB,Joe Flacco,32,DEN,,,,,,,,,,,,,,,,,,45.0,19.0,3.0,2.0,1.0,,,,,,,,,1.0,,,379.0,147.0,1787.0,,-6.0,1.0,2465.0,232.0,12.0,1450.0,-79.0,16.0,,,,,,,,,,,,,,,,,,,,,,,,,6.0,2.0,,2.0,,,,,,,
125,QB,Josh Allen,21,BUF,5.0,,,,1.0,1.0,15.0,2.0,,,,196.0,35.0,43.0,177.0,2.0,,110.0,41.0,1.0,1.0,1.0,1.0,,,3.0,,,,,,,,,,,1.0,,,,,,,,,,,,,,,,,,,,,,,,,,,,,,,,,,,,,,,,,2.0,,
126,QB,Josh Rosen,34,MIA,1.0,,,,,,8.0,1.0,,,,,,,,,,138.0,23.0,10.0,7.0,5.0,,,1.0,,,,,,3.0,,,393.0,176.0,1961.0,,-5.0,7.0,2278.0,217.0,11.0,1301.0,-320.0,45.0,,,,,,,,,,,,,,,,,,,,,,,,,14.0,1.0,1.0,,,,,,,,
127,QB,Kirk Cousins,12,MIN,,,,,,,,,,,,-1.0,1.0,1.0,6.0,,,123.0,44.0,9.0,5.0,7.0,,,,1.0,,,,,4.0,,,606.0,181.0,2045.0,,-31.0,3.0,4298.0,425.0,30.0,2345.0,-262.0,40.0,,,,,,,,,,,,,,,,,,,,,,,,,10.0,5.0,3.0,2.0,,,,,,,
129,QB,Lamar Jackson,29,BAL,2.0,,,,,,17.0,1.0,,,,,,2.0,,,,656.0,134.0,11.0,4.0,4.0,,,,5.0,,,,,7.0,,,148.0,61.0,681.0,,-21.0,4.0,997.0,87.0,5.0,600.0,-69.0,13.0,,,,,,,,,,,,,,,,,,,,,,,,,3.0,,,,,,,,,,
130,QB,Marcus Mariota,24,TEN,,,,,1.0,,5.0,1.0,,,,21.0,1.0,1.0,11.0,,,350.0,63.0,9.0,6.0,2.0,,,1.0,2.0,,,,,3.0,,,318.0,100.0,1252.0,,-12.0,2.0,2418.0,218.0,11.0,1215.0,-228.0,40.0,,,,,,,,,,,,,,,,,,,,,,,,,8.0,1.0,,1.0,,,,,,,
132,QB,Matt Ryan,2,ATL,1.0,,,,,,12.0,1.0,,,,5.0,1.0,1.0,4.0,1.0,,125.0,33.0,10.0,8.0,5.0,,,,3.0,,,,,2.0,,,608.0,186.0,2402.0,,0.0,2.0,4924.0,422.0,35.0,2791.0,-296.0,42.0,,,,,,,,,,,,,,,,,,,,,,,,,7.0,6.0,2.0,4.0,,,,,,,
133,QB,Matthew Stafford,20,DET,,,,,,,,,,,,,,,,,,71.0,25.0,6.0,4.0,4.0,,,1.0,,,,,,2.0,,,555.0,188.0,2085.0,,0.0,1.0,3777.0,367.0,21.0,1759.0,-255.0,40.0,,,,,,,,,,,,,,,,,,,,,,,,,11.0,3.0,,3.0,,,,,,,
134,QB,Mitchell Trubisky,15,CHI,,,,,,,10.0,2.0,,,,,,,,,,421.0,68.0,6.0,4.0,3.0,,,,3.0,,,,,2.0,,,434.0,145.0,2027.0,,-8.0,1.0,3223.0,289.0,24.0,1809.0,-143.0,24.0,,,,,,,,,,,,,,,,,,,,,,,,,12.0,3.0,3.0,,,,,,,,
135,QB,Nathan Peterman,51,OAK,,,,,,,10.0,1.0,,,,,,,,,,50.0,10.0,,,,,,,1.0,,,,,,,,81.0,37.0,380.0,,,,296.0,44.0,1.0,113.0,-34.0,7.0,,,,,,,,,,,,,,,,,,,,,,,,,7.0,1.0,,1.0,,,,,,,
136,QB,Nick Foles,36,JAX,1.0,,,,,,,,,,,10.0,1.0,1.0,2.0,,,17.0,9.0,4.0,2.0,2.0,,,,,,,,,2.0,,,195.0,54.0,582.0,,0.0,2.0,1413.0,141.0,7.0,706.0,-47.0,9.0,,,,,,,,,,,,,,,,,,,,,,,,,4.0,1.0,,1.0,,,,,,,
137,QB,Nick Mullens,33,SF,,,,,,,,,,,,,,,,,,-16.0,18.0,2.0,1.0,,,,,,1.0,,,,1.0,,,274.0,98.0,778.0,,-2.0,1.0,2277.0,176.0,13.0,1057.0,-127.0,17.0,,,,,,,1.0,,,,,,,,,,,,,,,,,,10.0,1.0,1.0,,,,,,,,
138,QB,Patrick Mahomes,1,KC,,,,,,,38.0,5.0,,,,,,,,,,272.0,60.0,9.0,2.0,2.0,,,,2.0,1.0,1.0,,,7.0,,,580.0,197.0,2771.0,,-4.0,5.0,5097.0,383.0,50.0,2489.0,-171.0,26.0,,,,,,,,,,,,,,,,,,,,,,,,,12.0,1.0,,1.0,,,,,,,
139,QB,Philip Rivers,11,LAC,,,,,,,,,,,,,,,,,,6.0,17.0,2.0,1.0,1.0,,,,,,,,,1.0,,,471.0,147.0,1602.0,,-4.0,1.0,4127.0,324.0,32.0,2127.0,-170.0,28.0,,,,,,,,,,,,,,,,,,,,,,,,,10.0,6.0,4.0,2.0,,,,,,,
140,QB,Robert Griffin III,62,BAL,,,,,,,30.0,4.0,,,,305.0,24.0,43.0,150.0,,,,,,,,,,,,,,,,,,,,,,,,,,,,,,,,,,,,,,,,,,,,,,,,,,,,,,,,,,,,,,,,,
141,QB,Russell Wilson,9,SEA,,,,,,,5.0,1.0,,,,-11.0,1.0,1.0,-1.0,,,376.0,67.0,10.0,5.0,2.0,,,,,,,,,5.0,,,427.0,147.0,1770.0,,-17.0,4.0,3448.0,280.0,35.0,2063.0,-355.0,51.0,,,,,,,,,,,,,,,,,,,,,,,,,7.0,1.0,1.0,,,,,,,,
142,QB,Ryan Fitzpatrick,28,MIA,,,,,,,5.0,1.0,,,,,,,,,,152.0,36.0,4.0,3.0,1.0,,,,2.0,,,,,1.0,,,246.0,82.0,1054.0,,0.0,2.0,2366.0,164.0,17.0,1492.0,-76.0,14.0,,,,,,,,,,,,,,,,,,,,,,,,,12.0,1.0,1.0,,,,,,,,
143,QB,Ryan Tannehill,30,TEN,1.0,,,,,,,,,,,3.0,1.0,1.0,1.0,1.0,,145.0,32.0,5.0,4.0,4.0,,,,,,,,,1.0,,,274.0,98.0,1321.0,,-14.0,,1979.0,176.0,17.0,908.0,-279.0,35.0,,,,,,,,,,,,,,,,,,,,,,,,,9.0,,,,,,,,,,
144,QB,Sam Bradford,52,ARI,,,,,,,,,,,,,,,,,,7.0,2.0,3.0,3.0,2.0,,,,,,,,,,,,80.0,30.0,304.0,,,,400.0,50.0,2.0,208.0,-33.0,6.0,,,,,,,,,,,,,,,,,,,,,,,,,4.0,1.0,,1.0,,,,,,,
145,QB,Sam Darnold,27,NYJ,1.0,,,,,,,,,,,,,,,,,138.0,44.0,5.0,1.0,2.0,,,,1.0,,,,,4.0,,,414.0,175.0,2248.0,,-11.0,2.0,2865.0,239.0,17.0,1605.0,-204.0,30.0,,,,,,,,,,,,,,,,,,,,,,,,,15.0,1.0,,1.0,,,,,,,
146,QB,Taysom Hill,43,NO,1.0,,,,,,55.0,5.0,,,,1479.0,87.0,137.0,527.0,12.0,3.0,151.0,22.0,,,,,,,1.0,,,213.0,20.0,,,,,,,,0.0,2.0,,,,,,,,,,,,,,1.0,,,,,,,,,,,,,,,,,,,,,,,,,,,
147,QB,Teddy Bridgewater,54,NO,,,,,,,,,,,,,,,,,,5.0,11.0,,,,,,,,,,,,,,,23.0,9.0,76.0,,,,118.0,14.0,1.0,65.0,-8.0,2.0,,,,,,,,,,,,,,,,,,,,,,,,,1.0,,,,,,,,,,
148,QB,Tom Brady,14,NE,1.0,,,,,,10.0,1.0,,,,6.0,1.0,1.0,6.0,,,35.0,23.0,4.0,4.0,2.0,,,,2.0,,,,,,,,570.0,195.0,2253.0,,,,4355.0,375.0,29.0,2234.0,-147.0,21.0,,,,,,,,,,,,,,,,,,,,,,,,,11.0,1.0,,1.0,,,,,,,
150,RB,Aaron Jones,24,GB,21.0,5.0,9.0,2.0,8.0,4.0,15.0,1.0,0.0,1.0,2.0,,,,,,,,,,,,,,,,,,,,,,,,,,,,,,,,,,,,,,,,,,,,,,,,,,,,,,,,,,,,,,,,,,,,,
151,RB,Alvin Kamara,4,NO,,,,,,,18.0,2.0,,,,709.0,81.0,105.0,642.0,4.0,9.0,883.0,194.0,1.0,,,,,1.0,14.0,3.0,3.0,82.0,12.0,1.0,126.0,4.0,,,,,,,,,,,,,,,,,,,,,,,,,,,,,,,,,,,,,,,,,,,,,,,
152,RB,Austin Ekeler,25,LAC,9.0,,,,,,,,,,,404.0,39.0,53.0,411.0,3.0,,554.0,106.0,1.0,1.0,1.0,,,,3.0,,,,,,,,,,,,0.0,2.0,,,,,,,,,,,,,,,,,,,,,,,,,,,,,,,,,,,,,,,,,
153,RB,Carlos Hyde,49,KC,1.0,,,,,,,,,,,33.0,10.0,16.0,59.0,,,571.0,172.0,2.0,2.0,1.0,,,,5.0,,,,,,,,,,,,0.0,1.0,,,,,,,,,,,,,,,,,,,,,,,,,,,,,,,,,,,,,,,,,
154,RB,Chris Carson,15,SEA,1.0,,,,,,,,,,,163.0,20.0,24.0,163.0,,,1151.0,247.0,3.0,3.0,2.0,,,1.0,9.0,,,,,,,,,,,,,,,,,,,,,,,,,,,,,,,,,,,,,,,,,,,,,,,,,,,,,,
155,RB,Christian McCaffrey,2,CAR,2.0,,,,,,,,,,,867.0,107.0,124.0,855.0,6.0,,1098.0,219.0,4.0,4.0,1.0,1.0,,1.0,7.0,,,,,,,,1.0,,,1.0,0.0,1.0,50.0,1.0,1.0,13.0,,,,,,,,,,,,,,,,,,,,,,,,,,,,,,,,,,,,,
156,RB,Dalvin Cook,30,MIN,1.0,,,,,1.0,,,,,,305.0,40.0,49.0,373.0,2.0,,615.0,133.0,2.0,2.0,2.0,,,,2.0,,,,,,,,,,,,,,,,,,,,,,,,,,,,,,,,,,,,,,,,,,,,,,,,,,,,,,
157,RB,Damien Williams,48,KC,,,,,,,,,,,,,,,,,,36.0,8.0,,,,,,,,,,,,,,,,,,,,,,,,,,,,,,,,,,,,,,,,,,,,,,,,,,,,,,,,,,,,,
158,RB,Darrell Henderson,0,LAR,,,,,,,,,,,,,,,,,,19.0,2.0,1.0,1.0,1.0,,,,,,,,,,,,,,,,,,,,,,,,,,,,,,,,,,,,,,,,,,,,,,,,,,,,,,,,,,
159,RB,David Johnson,9,ARI,3.0,,,,,1.0,,,,,,429.0,47.0,62.0,374.0,3.0,,201.0,40.0,1.0,1.0,,,,,,2.0,2.0,,,,,,,,,,,,,,,,,,,,,,,,,,,,,,,,,,,,,,,,,,,,,,,,,,,,
161,RB,Derrick Henry,16,TEN,2.0,,,,1.0,,5.0,1.0,,,,91.0,14.0,17.0,104.0,,,975.0,194.0,1.0,1.0,1.0,,,,11.0,,,,,,,,2.0,,,,,,14.0,2.0,,-7.0,,,,,,,,,,,,,,,,,,,,,,,,,,,,,,,,,,,,,
163,RB,Devonta Freeman,105,ATL,,,,,,,,,,,,23.0,5.0,7.0,20.0,,,68.0,14.0,,,,,,,,,,,,,,,,,,,,,,,,,,,,,,,,,,,,,,,,,,,,,,,,,,,,,,,,,,,,,
164,RB,Dion Lewis,28,TEN,,,,,,,,,,,,380.0,56.0,63.0,446.0,1.0,,512.0,152.0,1.0,1.0,1.0,,,,1.0,,,,,,,,,,,,0.0,2.0,,,,,,,,,,,,,,,,,,,,,,,,,,,,,,,,,,,,,,,,,
165,RB,Duke Johnson Jr.,37,HOU,3.0,,,,,1.0,,,,,,429.0,47.0,62.0,374.0,3.0,,201.0,40.0,1.0,1.0,,,,,,2.0,2.0,,,,,,,,,,,,,,,,,,,,,,,,,,,,,,,,,,,,,,,,,,,,,,,,,,,,
166,RB,Ezekiel Elliott,5,DAL,2.0,,,,,,25.0,3.0,,,,567.0,77.0,95.0,576.0,3.0,,1434.0,304.0,6.0,6.0,1.0,,,1.0,6.0,,,,,,,,,,,,0.0,1.0,,,,,,,,,,,,,,,,,,,,,,,,,,,,,,,,,,,,,,,,,
167,RB,Jalen Richard,29,OAK,5.0,,,,,1.0,7.0,2.0,,,,607.0,68.0,81.0,495.0,,2.0,259.0,55.0,3.0,2.0,2.0,,,,1.0,1.0,,3.0,2.0,1.0,,,,,,,0.0,1.0,,,,,,,,,,,,,1.0,,,,,,,,,,,,,,,,,,,,,,,,,,,,
168,RB,James Conner,6,PIT,3.0,,,,,,15.0,1.0,,,,497.0,55.0,71.0,548.0,1.0,,973.0,215.0,4.0,4.0,2.0,2.0,2.0,1.0,12.0,,,,,,,,,,,,,,,,,,,,,,,,,,,,,,,,,,,,,,,,,,,,,,,,,,,,,,
169,RB,James White,7,NE,1.0,,,,,,10.0,1.0,,,,751.0,87.0,123.0,665.0,7.0,,425.0,94.0,,,,,,,5.0,,,,,,,,,,,,,,,,,,,,,,,,,,,,,,,,,,,,,,,,,,,,,,,,,,,,,,
170,RB,Jerick McKinnon,154,SF,1.0,,,,,,,,,,,,,,,,,,,,,,,,,,,,,,,,,,,,,,,,,,,,,,,,,,,,,,,,,,,,,,,,,,,,,,,,,,,,,,,
171,RB,Joe Mixon,10,CIN,1.0,,,,,,,,,,,296.0,43.0,55.0,333.0,1.0,,1168.0,237.0,,,,,,,8.0,,,,,,,,,,,,,,,,,,,,,,,,,,,,,,,,,,,,,,,,,,,,,,,,,,,,,,
172,RB,Jordan Howard,20,PHI,,,,,,,,,,,,145.0,20.0,27.0,127.0,,,935.0,250.0,2.0,2.0,1.0,,,,9.0,,,,,,,,,,,,,,,,,,,,,,,,,,,,,,,,,,,,,,,,,,,,,,,,,,,,,,
174,RB,Kalen Ballage,88,MIA,4.0,,,,,,15.0,1.0,,,,56.0,9.0,11.0,76.0,,,191.0,36.0,1.0,,1.0,,,,1.0,,,,,1.0,26.0,2.0,,,,,-6.0,,,,,,,,,,,,,,,,,,,,,,,,,,,,,,,,,,,,,,,,,,
175,RB,Kareem Hunt,12,CLE,,,,,,,36.0,3.0,,,,378.0,26.0,35.0,338.0,7.0,,824.0,181.0,,,,,,,7.0,,,,,,,,,,,,,,,,,,,,,,,,,,,,,,,,,,,,,,,,,,,,,,,,,,,,,,
176,RB,Kenyan Drake,14,MIA,1.0,,,,,,,,,,,477.0,53.0,73.0,423.0,5.0,,535.0,120.0,2.0,2.0,1.0,,,,4.0,,,,,,213.0,10.0,,,,,,,,,,,,,,,,,,,,,,,,,,,,,,,,,,,,,,,,,,,,,,,
177,RB,Kerryon Johnson,34,DET,1.0,,,,3.0,,5.0,1.0,,,,,,,,,,,,,,,,,,,,,,,,,,,,,,,,,,,,,,,,,,,,,,,,,,,,,,,,,,,,,,,,,,,,,,,,
178,RB,Lamar Miller,23,HOU,,,,,,,15.0,2.0,,,,163.0,25.0,35.0,171.0,1.0,,973.0,210.0,1.0,1.0,1.0,1.0,,,5.0,,,,,,,,,,,1.0,,,,,,,,,,,,,,,,,,,,,,,,,,,,,,,,,,,,,,,,,,,
179,RB,Latavius Murray,38,NO,,,,,,,,,,,,141.0,22.0,26.0,115.0,,,578.0,140.0,,,,1.0,1.0,,6.0,,,,,,,,,,,,,,,,,,,,,,,,,,,,,,,,,,,,,,,,,,,,,,,,,,,,,,
181,RB,LeSean McCoy,39,BUF,,,,,,,10.0,1.0,,,,238.0,34.0,46.0,288.0,,,514.0,161.0,,,,,,,3.0,,,,,,,,,,,,,,,,,,,,,,,,,,,,,,,,,,,,,,,,,,,,,,,,,,,,,,
182,RB,Leonard Fournette,40,JAX,,,,,,,,,,,,185.0,22.0,26.0,213.0,1.0,,439.0,133.0,,,,,,,5.0,,,,,,,,,,,,,,,,,,,,,,,,,,,,,,,,,,,,,,,,,,,,,,,,,,,,,,
183,RB,Mark Ingram II,32,BAL,26.0,8.0,41.0,3.0,14.0,1.0,62.0,10.0,-61.0,7.0,16.0,,,,,,,0.0,1.0,,,,,,,,,,,,,,,,,,,,,,,,,,,1.0,,,8.0,1.0,,,,,,,,,,,,,,,,,,,,,,,,,,,,,,
184,RB,Marlon Mack,21,IND,2.0,,,,,,,,,,,103.0,17.0,26.0,126.0,1.0,,908.0,195.0,2.0,2.0,2.0,,,,9.0,2.0,2.0,,,,,,,,,,,,,,,,,,,,,,,,,,,,,,,,,,,,,,,,,,,,,,,,,,,,
185,RB,Matt Breida,26,SF,1.0,,,,,,,,,,,261.0,27.0,31.0,235.0,2.0,,814.0,153.0,1.0,1.0,1.0,,,,3.0,,,,,,,,,,,,0.0,2.0,,,,,,,,,,,,,,,,,,,,,,,,,,,,,,,,,,,,,,,,,
186,RB,Melvin Gordon,8,LAC,,,,,,,,,,,,477.0,47.0,63.0,520.0,4.0,,844.0,163.0,1.0,1.0,,1.0,1.0,1.0,9.0,1.0,1.0,,,,,,,,,,,,,,,,,,,,,,,,,,,,,,,,,,,,,,,,,,,,,,,,,,,,
188,RB,Nick Chubb,17,CLE,3.0,,,,3.0,,5.0,1.0,,,,149.0,20.0,29.0,181.0,2.0,,996.0,192.0,,,,,,,8.0,,,,,,,,,,,,,,,,,,,,,,,,,,,,,,,,,,,,,,,,,,,,,,,,,,,,,,
189,RB,Nyheim Hines,27,IND,3.0,,,,,,5.0,1.0,,,,425.0,63.0,81.0,349.0,2.0,,314.0,85.0,1.0,1.0,,,,1.0,2.0,,,,,,,,,,,,,,,,,,,,,,,,,,,,,,,,,,,,,,,,,,,,,,,,,,,,,,
190,RB,Peyton Barber,31,TB,2.0,,,,,,15.0,1.0,,,,92.0,20.0,29.0,64.0,1.0,,871.0,234.0,1.0,,1.0,,,,5.0,,,,,1.0,,,,,,,,,,,,,,,,,,,,,,,,,,,,,,,,,,,,,,,,,,,,,,,,,
191,RB,Phillip Lindsay,13,DEN,2.0,,,,,,15.0,1.0,,,,241.0,35.0,47.0,298.0,1.0,,1037.0,192.0,,,,,,,9.0,1.0,,23.0,3.0,,163.0,7.0,,,,,7.0,1.0,,,,,,,,,,,,,1.0,,,,,,,,,,,,,,,,,,,,,,,,,,,,
192,RB,Rashaad Penny,67,SEA,,,,,,,,,,,,75.0,9.0,12.0,73.0,,,419.0,85.0,,,,,,,2.0,,,,,,140.0,8.0,,,,,0.0,2.0,,,,,,,,,,,,,,,,,,,,,,,,,,,,,,,,,,,,,,,,,
193,RB,Ronald Jones,94,TB,57.0,4.0,11.0,9.0,15.0,4.0,,,,,1.0,,,,,,,,,,,,,,,,,,,,,,,,,,,,,,,,,,,,,,109.0,3.0,,,,,,,,,,,,,,,,,,,,,,,,,,1.0,1.0,,,
194,RB,Royce Freeman,47,DEN,,,,,,,,,,,,72.0,14.0,20.0,59.0,,,521.0,130.0,1.0,1.0,1.0,,,,5.0,,,,,,,,,,,,,,,,,,,,,,,,,,,,,,,,,,,,,,,,,,,,,,,,,,,,,,
195,RB,Saquon Barkley,1,NYG,1.0,,,,,,5.0,1.0,,,,721.0,91.0,121.0,768.0,4.0,,1307.0,261.0,,,,,,,11.0,2.0,1.0,,,,,,,,,,,,,,,,,,,,,,,,1.0,,,,,,,,,,,,,,,,,,,,,,,,,,,,
196,RB,Sony Michel,35,NE,2.0,,,,,,5.0,1.0,,,,50.0,7.0,11.0,50.0,,,931.0,209.0,1.0,1.0,1.0,,,,6.0,,,,,,77.0,4.0,,,,,,,,,,,,,,,,,,,,,,,,,,,,,,,,,,,,,,,,,,,,,,,
197,RB,Tarik Cohen,11,CHI,,,,,,,,,,,,725.0,71.0,91.0,520.0,5.0,21.0,444.0,99.0,7.0,4.0,3.0,,,1.0,3.0,,,411.0,33.0,3.0,22.0,2.0,1.0,,,,-3.0,3.0,1.0,1.0,1.0,1.0,,,,,,,,,,,,,,,,,,,,,,,,,,,,,,,,,,,,,
198,RB,Tevin Coleman,18,SF,,,,,,,5.0,1.0,,,,276.0,32.0,44.0,275.0,5.0,,800.0,167.0,2.0,2.0,,,,1.0,4.0,,,,,,,,,,,,0.0,2.0,,,,,,,,,,,,,,,,,,,,,,,,,,,,,,,,,,,,,,,,,
199,RB,Todd Gurley II,3,LAR,1.0,,,,,,5.0,1.0,,,,580.0,59.0,81.0,587.0,4.0,,1251.0,256.0,1.0,1.0,1.0,1.0,1.0,,17.0,4.0,2.0,,,,,,,,,,,,,,,,,,,,,,,,2.0,,,,,,,,,,,,,,,,,,,,,,,,,,,,
200,TE,Antonio Gates,28,LAC,,,,,,,20.0,2.0,,,,312.0,25.0,40.0,120.0,2.0,,,,,,,3.0,2.0,,,,,,,,,,,,,1.0,,,,,,,,,,,,,,,,,,,,,,,,,,,,,,,,,,,,,,,,,,,
201,TE,Austin Hooper,6,ATL,,,,,,,25.0,3.0,,,,660.0,71.0,88.0,237.0,4.0,,,,,,,2.0,1.0,,,,,,,,,,,,,1.0,,,,,,,,,,,,,,,,,,,,,,,,,,,,,,,,,,,,,,,,,,,
202,TE,Austin Seferian-Jenkins,65,NE,,,,,,,,,,,,90.0,11.0,19.0,36.0,1.0,,,,,,,,,,,,,,,,,,,,,,,,,,,,,,,,,,,,,,,,,,,,,,,,,,,,,,,,,,,,,,,,
203,TE,Benjamin Watson,21,NE,1.0,,,,,,10.0,1.0,,,,400.0,35.0,46.0,87.0,2.0,,,,,,,,,,,,,,,,,,,,,,,,,,,,,,,,,,,,,,,,,,,,,,,,,,,,,,,,,,,,,,,,
204,TE,C.J. Uzomah,18,CIN,,,,,,,30.0,4.0,,,,439.0,43.0,64.0,202.0,3.0,,,,,,,,,,,,,,,,,,,,,,,,,,,,,,,,,,,,,,,,,,,,,,,,,,,,,,,,,,,,,,,,
205,TE,Cameron Brate,19,TB,1.0,,,,,,35.0,4.0,,,,289.0,30.0,49.0,51.0,6.0,,,,1.0,1.0,1.0,,,,,,,,,,,,,,,,0.0,1.0,,,,,,,,,,,,,,,,,,,,,,,,,,,,,,,,,,,,,,,,,
206,TE,Charles Clay,55,ARI,,,,,,,13.0,2.0,,,,184.0,21.0,36.0,71.0,,,,,1.0,1.0,1.0,,,,,,,,,,,,,,,,,,,,,,,,,,,,,,,,,,,,,,,,,,,,,,,,,,,,,,,,,,
207,TE,Chris Herndon,16,NYJ,4.0,,,,1.0,,38.0,4.0,,,,502.0,39.0,56.0,177.0,4.0,,,,2.0,,,,,1.0,,,,0.0,1.0,2.0,21.0,2.0,,,,,0.0,1.0,,,,,,,,,,,,,,,,,,,,,,,,,,,,,,,,,,,,,,,,1.0,
208,TE,Dallas Goedert,20,PHI,2.0,,,,1.0,,50.0,5.0,,,,334.0,33.0,44.0,161.0,4.0,,,,,,,,,,,,,,,,,,,,,,0.0,1.0,,,,,,,,,,,,,,,,,,,,,,,,,,,,,,,,,,,,,,,,,
209,TE,Darren Waller,81,OAK,1.0,,,,,,,,,,,75.0,6.0,6.0,56.0,,,21.0,1.0,,,,,,,,,,,,,,,,,,,,,,,,,,,,,,,,,,,,,,,,,,,,,,,,,,,,,,,,,,,,,
210,TE,David Njoku,9,CLE,2.0,,,,,,35.0,5.0,,,,639.0,56.0,88.0,306.0,4.0,,,,,,,,,,,,,,,,,,,,,,,,,,,,,,,,,,,,,,,,,,,,,,,,,,,,,,,,,,,,,,,,
212,TE,Delanie Walker,96,TEN,,,,,,,10.0,1.0,,,,52.0,4.0,7.0,20.0,,,,,,,,,,,,,,,,,,,,,,,,,,,,,,,,,,,,,,,,,,,,,,,,,,,,,,,,,,,,,,,,,
213,TE,Eric Ebron,4,IND,1.0,,,,,,27.0,4.0,,,,750.0,66.0,110.0,250.0,13.0,,-8.0,3.0,1.0,1.0,1.0,,,,1.0,,,,,,,,1.0,1.0,4.0,,,,,,,,,,,,,,,,,,,,,,,,,,,,,,,,,,,,,,,,,,,,
214,TE,Evan Engram,13,NYG,,,,,,,14.0,2.0,,,,577.0,45.0,64.0,388.0,3.0,,36.0,3.0,,,,1.0,1.0,,,,,,,,,,,,,,,,,,,,,,,,,,,,,,,,,,,,,,,,,,,,,,,,,,,,,,,,
215,TE,Geoff Swaim,37,JAX,1.0,,,,1.0,,25.0,3.0,,,,242.0,26.0,32.0,164.0,1.0,,,,,,,,,,,,,,,,,,,,,,,,,,,,,,,,,,,,,,,,,,,,,,,,,,,,,,,,,,,,,,,,
216,TE,George Kittle,3,SF,2.0,,,,,,35.0,6.0,,,,1377.0,88.0,136.0,870.0,5.0,,10.0,1.0,,,,2.0,1.0,,,,,,,,,,,,,1.0,,,,,,,,,,,,,,,,,,,,,,,,,,,,,,,,,,,,,,,,,,,
217,TE,Gerald Everett,22,LAR,,,,,,,,,,,,320.0,33.0,50.0,144.0,3.0,,16.0,2.0,,,,1.0,1.0,,,,,,,,,,,,,,0.0,1.0,,,,,,,,,,,,,,,,,,,,,,,,,,,,,,,,,,,,,,,,,
218,TE,Greg Olsen,25,CAR,,,,,,,,,,,,291.0,27.0,38.0,84.0,4.0,,,,,,,,,,,,,,,,,,,,,,0.0,1.0,,,,,,,,,,,,,,,,,,,,,,,,,,,,,,,,,,,,,,,,,
219,TE,Hayden Hurst,59,BAL,,,,,,,,,,,,145.0,12.0,21.0,63.0,1.0,,0.0,1.0,,,,,,,,,,,,,,,,,,,,,,,,,,,,,,,,,,,,,,,,,,,,,,,,,,,,,,,,,,,,,
221,TE,Ian Thomas,24,CAR,1.0,,,,,,25.0,2.0,,,,333.0,36.0,49.0,158.0,2.0,,,,,,,,,,,,,,,,,,,,,,,,,,,,,,,,,,,,,,,,,,,,,,,,,,,,,,,,,,,,,,,,
222,TE,Irv Smith Jr.,0,MIN,1.0,,,,,,,,,,,152.0,27.0,32.0,160.0,,,315.0,90.0,1.0,1.0,,,,,4.0,,,,,,,,,,,,,,,,,,,,,,,,,,,,,,,,,,,,,,,,,,,,,,,,,,,,,,
224,TE,Jack Doyle,35,IND,2.0,,,,,,25.0,3.0,,,,245.0,26.0,33.0,108.0,2.0,,,,1.0,1.0,1.0,,,,,,,,,,,,,,,,,,,,,,,,,,,,,,,,,,,,,,,,,,,,,,,,,,,,,,,,,,
225,TE,Jake Butt,79,DEN,1.0,,,,,,,,,,,85.0,8.0,13.0,44.0,,,,,,,,,,,,,,,,,,,,,,,,,,,,,,,,,,,,,,,,,,,,,,,,,,,,,,,,,,,,,,,,,
226,TE,Jared Cook,5,NO,2.0,,,,,,30.0,4.0,,,,896.0,68.0,101.0,343.0,6.0,,,,,,,,,,,,,,,,,,,,,,,,,,,,,,,,,,,,,,,,,,,,,,,,,,,,,,,,,,,,,,,,
228,TE,Jesse James,23,DET,3.0,,,,,,19.0,2.0,,,,423.0,30.0,39.0,185.0,2.0,,,,,,,1.0,,,,,,,,,,,,,,1.0,,,,,,,,,,,,,,,,,,,,,,,,,,,,,,,,,,,,,,,,,,,
229,TE,Jimmy Graham,12,GB,,,,,,,15.0,2.0,,,,636.0,55.0,89.0,261.0,2.0,,,,,,,,,,,,,,,,,,,,,,,,,,,,,,,,,,,,,,,,,,,,,,,,,,,,,,,,,,,,,,,,
230,TE,Jonnu Smith,34,TEN,1.0,,,,,,20.0,2.0,,,,258.0,20.0,30.0,180.0,3.0,,,,1.0,1.0,,,,1.0,,,,,,,,,,,,,,,,,,,,,,,,,,,,,,,,,,,,,,,,,,,,,,,,,,,,,,,
231,TE,Jordan Reed,15,WSH,1.0,,,,,,10.0,2.0,,,,558.0,54.0,84.0,231.0,2.0,,,,1.0,1.0,1.0,,,,,,,,,,,,,,,,,,,,,,,,,,,,,,,,,,,,,,,,,,,,,,,,,,,,,,,,,,
232,TE,Jordan Thomas,32,HOU,,,,,,,5.0,1.0,,,,215.0,20.0,27.0,95.0,4.0,,,,,,,,,,,,,,,,,,,,,,,,,,,,,,,,,,,,,,,,,,,,,,,,,,,,,,,,,,,,,,,,
234,TE,Kyle Rudolph,7,MIN,3.0,,,,,,30.0,4.0,,,,634.0,64.0,82.0,245.0,4.0,,,,,,,2.0,,,,,,,,,,,,,,2.0,,,,,,,,,,,,,,,,,,,,,,,,,,,,,,,,,,,,,,,,,,,
235,TE,Mark Andrews,17,BAL,1.0,,,,,,30.0,4.0,,,,469.0,32.0,48.0,149.0,2.0,,,,,,,,,,,,,,,,,,,,,,,,,,,,,,,,,,,,,,,,,,,,,,,,,,,,,,,,,,,,,,,,
236,TE,Matt LaCosse,39,NE,,,,,,,,,,,,250.0,24.0,37.0,148.0,1.0,,,,,,,,,,,,,,,,10.0,1.0,,,,,,,,,,,,,,,,,,,,,,,,,,,,,,,,,,,,,,,,,,,,,,,
237,TE,Mike Gesicki,52,MIA,1.0,,,,,,,,,,,202.0,22.0,32.0,96.0,,,,,1.0,1.0,1.0,,,,,,,,,,,,,,,,,,,,,,,,,,,,,,,,,,,,,,,,,,,,,,,,,,,,,,,,,,
239,TE,O.J. Howard,14,TB,2.0,,,,,,10.0,1.0,,,,565.0,34.0,48.0,209.0,5.0,,,,,,,,,,,,,,,,,,,,,,,,,,,,,,,,,,,,,,,,,,,,,,,,,,,,,,,,,,,,,,,,
240,TE,Ricky Seals-Jones,29,ARI,2.0,,,,,,25.0,3.0,,,,343.0,34.0,69.0,97.0,1.0,,,,,,,,,,,,,,,,,,,,,,0.0,1.0,,,,,,,,,,,,,,,,,,,,,,,,,,,,,,,,,,,,,,,,,
241,TE,Rob Gronkowski,11,NE,,,,,1.0,,40.0,5.0,,,,682.0,47.0,72.0,182.0,3.0,,,,1.0,1.0,1.0,,,,,,,,,,,,,,,,,,,,,,,,,,,,,,,,,,,,,,,,,,,,,,,,,,,,,,,,,,
243,TE,Travis Kelce,1,KC,2.0,,,,,,39.0,6.0,,,,1336.0,103.0,150.0,569.0,10.0,,,,2.0,2.0,1.0,1.0,,1.0,,,,,,,,,,,,1.0,,,,,,,,,,,,,,,,,,,,,,,,,,,,,,,,,,,,,,,,,,,
244,TE,Trey Burton,8,CHI,1.0,,,,,,35.0,4.0,,,,569.0,54.0,76.0,190.0,6.0,,2.0,1.0,1.0,1.0,1.0,1.0,1.0,,,,,,,,,,,,,,,,,,,,,,,,,,,,,,,,,,,,,,,,,,,,,,,,,,,,,,,,
245,TE,Tyler Eifert,54,CIN,,,,,,,,,,,,179.0,15.0,19.0,54.0,1.0,,,,,,,,,,,,,,,,,,,,,,,,,,,,,,,,,,,,,,,,,,,,,,,,,,,,,,,,,,,,,,,,
246,TE,Vance McDonald,10,PIT,2.0,,,,,,44.0,6.0,,,,610.0,50.0,72.0,387.0,4.0,,,,2.0,2.0,1.0,,,,,,,,,,,,,,,,,,,,,,,,,,,,,,,,,,,,,,,,,,,,,,,,,,,,,,,,,,
247,TE,Vernon Davis,26,WSH,,,,,,,50.0,5.0,,,,367.0,25.0,36.0,175.0,2.0,,,,,,,1.0,1.0,,,,,,,,,,,,,,,,,,,,,,,,,,,,,,,,,,,,,,,,,,,,,,,,,,,,,,,,
248,TE,Will Dissly,58,SEA,,,,,,,,,,,,156.0,8.0,14.0,93.0,2.0,,,,,,,,,,,,,,,,,,,,,,,,,,,,,,,,,,,,,,,,,,,,,,,,,,,,,,,,,,,,,,,,
249,TE,Zach Ertz,2,PHI,,,,,,,29.0,4.0,,,,1163.0,116.0,156.0,353.0,8.0,,,,1.0,1.0,,,,,,,,,,,,,,,,,,,,,,,,,,,,,,,,,,,,,,,,,,,,,,,,,,,,,,,,,,,
250,WR,A.J. Green,44,CIN,,,,,,,,,,,,694.0,46.0,77.0,163.0,6.0,,,,2.0,2.0,1.0,1.0,,,,,,,,,,,,,,1.0,,,,,,,,,,,,,,,,,,,,,,,,,,,,,,,,,,,,,,,,,,,
251,WR,Adam Thielen,7,MIN,,,,,,,5.0,1.0,,,,1373.0,113.0,153.0,416.0,9.0,1.0,30.0,5.0,1.0,1.0,1.0,1.0,1.0,,,,,,,,,,,,,,,,,,,,,,,,,,,,,,,,,,,,,,,,,,,,,,,,,,,,,,,,
252,WR,Allen Robinson,40,CHI,34.0,3.0,11.0,,15.0,4.0,18.0,3.0,-8.0,1.0,4.0,,,,,,,,,,,,,,,,,,,,,,,,,,,,,,,,,,,1.0,0.0,1.0,,,,,,,,,,,,,,,,,,,,,,,,,,,,,,,,
253,WR,Alshon Jeffery,26,PHI,,,,,,,20.0,3.0,,,,843.0,65.0,92.0,272.0,6.0,,,,1.0,1.0,,,,1.0,,,,,,,,,,,,,,,,,,,,,,,,,,,,,,,,,,,,,,,,,,,,,,,,,,,,,,,
254,WR,Amari Cooper,19,DAL,1.0,,,,,,,,,,,1005.0,75.0,107.0,415.0,7.0,,20.0,2.0,2.0,2.0,2.0,,,,,,,,,,,,,,,,,,,,,,,,,,,,,,,,,,,,,,,,,,,,,,,,,,,,,,,,,,
255,WR,Antonio Brown,5,OAK,3.0,,,,,,20.0,3.0,,,,1297.0,104.0,168.0,485.0,15.0,,,,,,,,,,,,,,,,,,1.0,1.0,12.0,,,,,,,,,,,,,,,,,,,,,,,,,,,,,,,,,,,,,,,,,,,,
256,WR,Brandin Cooks,13,LAR,1.0,,,,,,15.0,2.0,,,,1204.0,80.0,117.0,346.0,5.0,,68.0,10.0,1.0,1.0,,,,,1.0,,,,,,,,,,,,,,,,,,,,,,,,,,,,,,,,,,,,,,,,,,,,,,,,,,,,,,
257,WR,Calvin Ridley,22,ATL,,,,,,,,,,,,821.0,64.0,92.0,364.0,10.0,,27.0,6.0,2.0,2.0,1.0,,,1.0,,,,,,,50.0,2.0,,,,,0.0,1.0,,,,,,,,,,,,,,,,,,,,,,,,,,,,,,,,,,,,,,,,,
258,WR,Chris Godwin,27,TB,5.0,,,,,,5.0,1.0,,,,842.0,59.0,95.0,245.0,7.0,,,,4.0,4.0,1.0,2.0,1.0,,,,,,,,,,,,,1.0,0.0,1.0,,,,,,,,,,,,,,,,,,,,,,,,,,,,,,,,,,,,,,,,,
259,WR,Christian Kirk,58,ARI,2.0,,,,,,,,,,,590.0,43.0,68.0,225.0,3.0,17.0,35.0,3.0,,,,1.0,,,,,,164.0,21.0,,,,,,,1.0,,,,,,,,,,,,,,,,,,,,,,,,,,,,,,,,,,,,,,,,,,,
260,WR,Cooper Kupp,51,LAR,,,,,,,,,,,,566.0,40.0,55.0,303.0,6.0,3.0,25.0,4.0,,,,,,,,,,4.0,1.0,,,,,,,,,,,,,,,,,,,,,,,,,,,,,,,,,,,,,,,,,,,,,,,,,,
261,WR,Corey Davis,28,TEN,1.0,,,,,,20.0,2.0,,,,846.0,62.0,107.0,257.0,4.0,,54.0,5.0,1.0,1.0,,,,1.0,,,,,,,,,,,,,,,,,,,,,1.0,,,,,,,,,,,,,,,,,,,,,,,,,,,,,,,,,,
262,WR,Courtland Sutton,50,DEN,20.0,,,3.0,2.0,2.0,,,,,2.0,,,,,,,,,,,,,,,,,,,,,,,,,,,,,,,,,,,1.0,,,0.0,1.0,,,,,,,,,,,,,,,,,,,,,,,,,,,,,,
263,WR,Curtis Samuel,49,CAR,8.0,,,,,,15.0,2.0,,,,494.0,39.0,65.0,111.0,5.0,,84.0,8.0,1.0,1.0,1.0,,,,2.0,,,,,,209.0,10.0,,,,,,,,,,,,,,,,,,,,,,,,,,,,,,,,,,,,,,,,,,,,,,,
264,WR,DJ Moore,36,CAR,5.0,,,,,,20.0,3.0,,,,788.0,55.0,82.0,421.0,2.0,5.0,172.0,13.0,4.0,4.0,3.0,,,1.0,,,,32.0,6.0,,119.0,5.0,,,,,0.0,1.0,,,,,,,,,,,,,,,,,,,,,,,,,,,,,,,,,,,,,,,,,
266,WR,Dante Pettis,71,SF,,,,,,,10.0,1.0,,,,467.0,27.0,45.0,205.0,5.0,2.0,-2.0,1.0,2.0,,,,,,,,,27.0,9.0,2.0,,,,,,,0.0,1.0,,,,,,,,,,,,,,,,,,,,,,,,,,,,,,,,,,,,,,,,,
267,WR,Davante Adams,3,GB,1.0,,,,,,19.0,2.0,,,,1386.0,111.0,169.0,475.0,13.0,,,,,,,1.0,1.0,,,,,,,,,,,,,,,,,,,,,,,,,,,,,,,,,,,,,,,,,,,,,,,,,,,,,,,,
268,WR,DeAndre Hopkins,2,HOU,2.0,,,1.0,,,10.0,1.0,,,,1572.0,115.0,163.0,387.0,11.0,,-7.0,1.0,2.0,2.0,2.0,,,,,,,,,,,,1.0,1.0,17.0,,,,,,,,,,,,,,,,,,,,,,,,,,,,,,,,,,,,,,,,,,,,
269,WR,DeSean Jackson,42,PHI,3.0,,,,,,5.0,1.0,,,,774.0,41.0,74.0,181.0,4.0,,29.0,6.0,,,,,,,1.0,,,24.0,5.0,,,,,,,,,,,,,,,,,,,,,,,,,,,,,,,,,,,,,,,,,,,,,,,,,,
270,WR,Dede Westbrook,33,JAX,5.0,,,,,,35.0,3.0,,,,717.0,66.0,101.0,362.0,5.0,13.0,98.0,9.0,3.0,2.0,2.0,2.0,,,,,,266.0,19.0,1.0,37.0,3.0,1.0,1.0,12.0,2.0,,,,,,,,,,,,,,,,1.0,,,,,,,,,,,,,,,,,,,,,,,,,,,
271,WR,Donte Moncrief,56,PIT,1.0,,,,,,40.0,4.0,,,,668.0,48.0,89.0,252.0,3.0,,,,1.0,,1.0,,,,,,,,,1.0,7.0,1.0,,,,,,,,,,,,,,,,,,,,,,,,,,,,,,,,,,,,,,,,,,,,,,,
272,WR,Emmanuel Sanders,23,DEN,,,,,,,20.0,2.0,,,,868.0,71.0,98.0,297.0,4.0,,53.0,4.0,1.0,,,,,1.0,1.0,,,,,1.0,,,1.0,,,,,,28.0,1.0,1.0,28.0,,,,,,,,,,,,,,,,,,,,,,,,,,,,,,,,,,,,,
273,WR,Geronimo Allison,102,GB,,,,,,,10.0,1.0,,,,303.0,20.0,30.0,106.0,2.0,,,,1.0,1.0,,,,1.0,,,,,,,,,,,,,,,,,,,,,,,,,,,,,,,,,,,,,,,,,,,,,,,,,,,,,,,1.0
274,WR,James Washington,124,PIT,1.0,,,,,,10.0,1.0,,,,217.0,16.0,38.0,53.0,1.0,,,,,,,,,,,,,,,,,,,,,,,,,,,,,,,,,,,,,,,,,,,,,,,,,,,,,,,,,,,,,,,,
275,WR,Jarvis Landry,18,CLE,2.0,,,,,,10.0,1.0,,,,976.0,81.0,149.0,274.0,4.0,1.0,60.0,3.0,1.0,1.0,1.0,1.0,,,1.0,,,10.0,2.0,,22.0,2.0,2.0,1.0,31.0,1.0,,,63.0,1.0,,46.0,,,,,,,,,,,,,,,,,,,,,,,,,,,,1.0,1.0,,,,,,,,
276,WR,Josh Gordon,47,NE,1.0,,,,,,20.0,2.0,,,,737.0,41.0,71.0,264.0,4.0,,,,,,,,,,,,,,,,,,,,,,,,,,,,,,,,,,,,,,,,,,,,,,,,,,,,,,,,,,,,,,,,
277,WR,JuJu Smith-Schuster,8,PIT,3.0,,,,,,15.0,2.0,,,,1426.0,111.0,166.0,648.0,7.0,,13.0,1.0,1.0,1.0,1.0,1.0,1.0,,,,,,,,,,,,,,0.0,1.0,,,,,,,,,,,,,,,,,,,,,,,,,,,,,,,,,,,,,,,,,
278,WR,Julian Edelman,20,NE,2.0,,,,1.0,,36.0,6.0,,,,850.0,74.0,108.0,348.0,6.0,11.0,107.0,9.0,1.0,,,,,,,,,154.0,20.0,1.0,,,2.0,,,,0.0,1.0,43.0,2.0,,-2.0,,,,,,,,,,,,,,,,,,,,,,,,,,,,,,,,,,,,,
279,WR,Julio Jones,4,ATL,4.0,,,,,,15.0,1.0,,,,1677.0,113.0,170.0,448.0,8.0,,12.0,2.0,2.0,2.0,2.0,,,,,,,,,,,,,,,,,,,,,,,,,,,,,,,,,,,,,,,,,,,,,,,,,,,,,,,,,,
280,WR,Keenan Allen,12,LAC,3.0,,,,,,35.0,3.0,,,,1138.0,92.0,128.0,395.0,6.0,1.0,75.0,9.0,3.0,1.0,1.0,,,,,,,0.0,1.0,2.0,25.0,1.0,,,,,-19.0,1.0,,,,,-7.0,1.0,,,,,,,,,,,,,,,,,,,,,,,,,,,,,,,,,,,
281,WR,Keke Coutee,101,HOU,,,,,,,,,,,,287.0,28.0,41.0,210.0,1.0,,0.0,3.0,,,,,,,,,,,,,,,,,,,,,,,,,,,,,,,,,,,,,,,,,,,,,,,,,,,,,,,,,,,,,
282,WR,Kenny Golladay,21,DET,2.0,,,,,,26.0,3.0,,,,1063.0,70.0,119.0,350.0,5.0,,8.0,1.0,1.0,1.0,,3.0,,,,,,,,,,,,,,3.0,0.0,1.0,,,,,,,1.0,0.0,1.0,,,,,,,,,,,,,,,,,,,,,,,,,,,,,,,,
283,WR,Larry Fitzgerald,25,ARI,3.0,,,,,,5.0,1.0,,,,734.0,69.0,112.0,205.0,6.0,,,,,,,1.0,1.0,,,,,,,,,,1.0,,,,,,32.0,1.0,1.0,28.0,,,,,,,,,,,,,,,,,,,,,,,,,,,,,,,,,,,,,
284,WR,Marvin Jones Jr.,63,DET,1.0,,,,,,35.0,4.0,,,,508.0,35.0,62.0,101.0,5.0,,,,,,,,,,,,,,,,,,,,,,,,,,,,,,,,,,,,,,,,,,,,,,,,,,,,,,,,,,,,,,,,
285,WR,Michael Gallup,76,DAL,,,,,,,10.0,1.0,,,,507.0,33.0,68.0,173.0,2.0,,,,,,,1.0,1.0,,,,,,,,,,,,,,,,,,,,,,,,,,,,,,,,,,,,,,,,,,,,,,,,,,,,,,,,
286,WR,Michael Thomas,6,NO,1.0,,,,,,40.0,3.0,,,,1405.0,125.0,147.0,514.0,9.0,,,,2.0,2.0,2.0,1.0,,,,,,,,,,,,,,1.0,0.0,1.0,,,,,,,,,,,,,,,,,,,,,,,,,,,,,,,,,,,,,,,,,
287,WR,Mike Evans,9,TB,3.0,,,,,,35.0,4.0,,,,1524.0,86.0,138.0,282.0,8.0,,,,2.0,1.0,1.0,1.0,,1.0,,,,,,1.0,,,,,,1.0,-3.0,2.0,,,,,,,,,,,,1.0,,,,,,,,,,,,,,,,,,,,,,,,,,,,,
288,WR,Mike Williams,32,LAC,4.0,,,,,,25.0,3.0,,,,143.0,16.0,17.0,97.0,1.0,,8.0,3.0,,,,,,,,,,,,,,,,,,,,,,,,,,,,,,,,,,,,,,,,,,,,,,,,,,,,,,,,,,,,,
289,WR,Odell Beckham Jr.,15,CLE,2.0,,,,,,13.0,2.0,,,,1052.0,77.0,124.0,305.0,6.0,2.0,19.0,5.0,2.0,,1.0,1.0,,,,,,34.0,8.0,2.0,26.0,1.0,2.0,,,1.0,0.0,1.0,106.0,2.0,2.0,68.0,,,,,,,,,,,,,,,,,,,,,,,,,,,,,,,,,,,,,
290,WR,Robby Anderson,39,NYJ,7.0,1.0,4.0,,10.0,,,,-4.0,2.0,4.0,,,,,,,,,,,,,,,,,,,,,,,,,,,,,,,,,,,,,,,,,,,,,,,,,,,,,,,,,,,,,,,,,,,,,
291,WR,Robert Woods,11,LAR,2.0,,,,,,45.0,5.0,,,,1219.0,86.0,130.0,420.0,6.0,1.0,157.0,19.0,,,,,,,1.0,,,,,,0.0,1.0,,,,,,,,,,,,,,,,,,,,,,,,,,,,,,,,,,,,,,,,,,,,,,,
292,WR,Sammy Watkins,64,KC,1.0,,,,,,20.0,2.0,,,,519.0,40.0,55.0,238.0,3.0,,52.0,5.0,1.0,1.0,,,,,,,,,,,,,,,,,,,,,,,,,,,,,,,,,,,,,,,,,,,,,,,,,,,,,,,,,,,
293,WR,Stefon Diggs,10,MIN,1.0,,,,,,35.0,5.0,,,,1021.0,102.0,149.0,448.0,9.0,,62.0,10.0,,,,1.0,1.0,,,,,,,,,,,,,,0.0,1.0,,,,,,,,,,,,,,,,,,,,,,,,,,,,,,,,,,,,,,,,,
294,WR,Sterling Shepard,30,NYG,2.0,,,,,,20.0,3.0,,,,872.0,66.0,107.0,309.0,4.0,,33.0,3.0,1.0,,,1.0,1.0,1.0,,,,,,1.0,27.0,,,,,,,,,,,,,,,,,,,,,,,,,,,,,,,,,,,,,,,,,,,,,,,,
295,WR,T.Y. Hilton,14,IND,2.0,,,,,,10.0,1.0,,,,1270.0,76.0,120.0,455.0,6.0,,,,,,,,,,,,,2.0,1.0,,,,,,,,,,,,,,,,,,,,,,,,,,,,,,,,,,,,,,,,,,,,,,,,,,
296,WR,Tyler Boyd,17,CIN,2.0,,,,,,10.0,2.0,,,,1028.0,76.0,108.0,418.0,7.0,,3.0,2.0,,,,,,,,,,,,,,,1.0,1.0,34.0,,0.0,1.0,,,,,,,,,,,,,,,,,,,,,,,,,,,,,,,,,,,,,,,,,
297,WR,Tyler Lockett,16,SEA,,,,,1.0,,,,,,,965.0,57.0,70.0,213.0,10.0,20.0,69.0,13.0,2.0,2.0,,1.0,1.0,1.0,,,,143.0,25.0,,493.0,19.0,,,,,,,,,,,,,,,,,,,,,,,,,,,,,,,,,,,,,,,,,,,,,,,
298,WR,Tyreek Hill,1,KC,1.0,,,,,,55.0,5.0,,,,1479.0,87.0,137.0,527.0,12.0,3.0,151.0,22.0,,,,,,,1.0,,,213.0,20.0,,,,,,,,0.0,2.0,,,,,,,,,,,,,,1.0,,,,,,,,,,,,,,,,,,,,,,,,,,,
299,WR,Will Fuller V,69,HOU,,,,,,,10.0,1.0,,,,503.0,32.0,45.0,166.0,4.0,,,,,,,,,,,,,,,,,,,,,,,,,,,,,,,,,,,,,,,,,,,,,,,,,,,,,,,,,,,,,,,,
